{
   "columns":[
      {
         "dataField":"RR_CO_CHAR1_CHR",
         "caption":"char1"
      },
      {
         "dataField":"RR_CO_DATE_DT",
         "caption":"Date1"
      },
      {
         "dataField":"RR_CO_NUMBE_NBR",
         "caption":"Number1"
      },
      {
         "dataField":"RR_CO_TEXT_TX",
         "caption":"Text1"
      },
      {
         "dataField":"RR_CO_LOGIC_FLG",
         "caption":"Logical1"
      },
      {
         "dataField":"RR_CO_CHARW_CHR",
         "caption":"charwithID"
      },
      {
         "dataField":"RR_CO_CHARF_CHR",
         "caption":"Charfldreq"
      },
      {
         "dataField":"RR_CO_NUMMU_NBR",
         "caption":"nummulti"
      },
      {
         "dataField":"RR_CO_NUMFO_NBR",
         "caption":"NumFormula"
      },
      {
         "dataField":"RR_CO_CHARM_CHR",
         "caption":"charmulti"
      },
      {
         "dataField":"RR_CO_HYPER_CHR",
         "caption":"hyperlnkchar"
      },
      {
         "dataField":"RR_CO_CHARR_CHR",
         "caption":"charreq"
      },
      {
         "dataField":"RR_CO_FORMF_NBR",
         "caption":"formfield2"
      },
      {
         "dataField":"RR_CO_PICKL_CHR",
         "caption":"Static Picklist"
      },
      {
         "dataField":"RR_CO_FORMA_CHR",
         "caption":"Formatfld"
      },
      {
         "dataField":"RR_CO_UOMFI_NBR",
         "caption":"UOMField"
      },
      {
         "dataField":"RR_CO_MASK_FIEL_CHR",
         "caption":"Mask Field"
      },
      {
         "dataField":"RR_CO_PICK_SYST_CHR",
         "caption":"Picklist SystemCodes"
      }
   ],
   "data":[
      {
         "RR_CO_CHAR1_CHR":"",
         "RR_CO_DATE_DT":"",
         "RR_CO_NUMBE_NBR":"",
         "RR_CO_TEXT_TX":"",
         "RR_CO_LOGIC_FLG":"False",
         "RR_CO_CHARW_CHR":"",
         "RR_CO_CHARF_CHR":"test2",
         "RR_CO_NUMMU_NBR":"",
         "RR_CO_NUMFO_NBR":"2",
         "RR_CO_CHARM_CHR":"",
         "RR_CO_HYPER_CHR":"<a href=\"http://www.meridium.com\" >Meridium, Inc. website</a>",
         "RR_CO_CHARR_CHR":"this is required field",
         "RR_CO_FORMF_NBR":"0",
         "RR_CO_PICKL_CHR":"",
         "RR_CO_FORMA_CHR":"$0",
         "RR_CO_UOMFI_NBR":"",
         "RR_CO_MASK_FIEL_CHR":"",
         "RR_CO_PICK_SYST_CHR":""
      },
      {
         "RR_CO_CHAR1_CHR":"",
         "RR_CO_DATE_DT":"",
         "RR_CO_NUMBE_NBR":"",
         "RR_CO_TEXT_TX":"",
         "RR_CO_LOGIC_FLG":"False",
         "RR_CO_CHARW_CHR":"",
         "RR_CO_CHARF_CHR":"test3",
         "RR_CO_NUMMU_NBR":"",
         "RR_CO_NUMFO_NBR":"2",
         "RR_CO_CHARM_CHR":"",
         "RR_CO_HYPER_CHR":"<a href=\"http://www.meridium.com\" >Meridium, Inc. website</a>",
         "RR_CO_CHARR_CHR":"this is required field",
         "RR_CO_FORMF_NBR":"0",
         "RR_CO_PICKL_CHR":"",
         "RR_CO_FORMA_CHR":"$0",
         "RR_CO_UOMFI_NBR":"",
         "RR_CO_MASK_FIEL_CHR":"",
         "RR_CO_PICK_SYST_CHR":""
      },
      {
         "RR_CO_CHAR1_CHR":"",
         "RR_CO_DATE_DT":"",
         "RR_CO_NUMBE_NBR":"",
         "RR_CO_TEXT_TX":"",
         "RR_CO_LOGIC_FLG":"False",
         "RR_CO_CHARW_CHR":"",
         "RR_CO_CHARF_CHR":"test4",
         "RR_CO_NUMMU_NBR":"",
         "RR_CO_NUMFO_NBR":"2",
         "RR_CO_CHARM_CHR":"",
         "RR_CO_HYPER_CHR":"<a href=\"http://www.meridium.com\" >Meridium, Inc. website</a>",
         "RR_CO_CHARR_CHR":"this is required field",
         "RR_CO_FORMF_NBR":"0",
         "RR_CO_PICKL_CHR":"",
         "RR_CO_FORMA_CHR":"$0",
         "RR_CO_UOMFI_NBR":"",
         "RR_CO_MASK_FIEL_CHR":"",
         "RR_CO_PICK_SYST_CHR":""
      }
   ]
}